Ticker,Quarterly_Context,Monthly_Context,Weekly_Context,Monthly_Signal,Monthly_Anchor_Date,Monthly_Test1_Date,Monthly_Test2_Date,Weekly_Signal,Weekly_Anchor_Date,Weekly_Test1_Date,Weekly_Test2_Date,Daily_Confirmation,Verdict,Priority,Action,Entry_Trigger,Invalidation,Key_Level_Support,Key_Level_Resistance,Weekly_CLV,Weekly_RelVol,Current_Price
CVS,BULLISH_TREND,BULLISH_TREND,BULLISH_TREND,NONE,,,,SUPPLY_DOMINANCE_WATCH_FOR_TEST,2026-01-26,,,TEST_OBSERVED,BULLISH,LOW,WAIT_FOR_TEST,Price sustaining above 80.00 with decreasing volume on minor pullbacks.,72.90,72.92,79.90,1.0,1.57,79.9
DOCU,BEARISH_TREND,BEARISH_TREND,BEARISH_TREND,SUPPLY_DOMINANCE_WATCH_FOR_TEST,2026-02-01,,,SUPPLY_DOMINANCE_WATCH_FOR_TEST,2026-02-02,,,NONE,NEUTRAL,LOW,WAIT_FOR_TEST,A low-volume 'Test in a Rising Market' signal or a close above 46.00.,40.00,40.15,45.07,0.71,3.37,45.07
DUOL,BEARISH_TREND,BEARISH_TREND,BEARISH_TREND,SUPPLY_DOMINANCE_WATCH_FOR_TEST,2026-02-01,,,SUPPLY_DOMINANCE_WATCH_FOR_TEST,2026-02-23,,,TEST_OBSERVED,BEARISH,LOW,WAIT_FOR_TEST,None (Short bias),113.00,91.99,101.00,-0.34,4.14,101.0
EGO,BULLISH_TREND,BULLISH_TREND,BULLISH_TREND,NONE,,,,STOPPING_VOLUME_WATCH_FOR_TEST,2026-02-02,,,TEST_OBSERVED,BULLISH,LOW,WAIT_FOR_TEST,Break above 47.00 on rising volume.,41.70,41.80,46.42,0.85,1.22,46.42
ELS,BULLISH_TREND,BULLISH_TREND,BULLISH_TREND,NONE,,,,SUPPLY_DOMINANCE_WATCH_FOR_TEST,2026-02-23,,,NONE,NEUTRAL,LOW,WAIT_FOR_TEST,Wait for a clear sign of supply exhaustion (No Supply bar).,66.50,66.55,67.16,-0.37,2.77,67.16
ENR,BULLISH_TREND,BEARISH_TREND,BULLISH_TREND,SUPPLY_DOMINANCE_WATCH_FOR_TEST,2025-11-01,,,NONE,,,,NONE,BEARISH,LOW,MONITOR,None,23.50,21.35,21.59,-0.77,1.12,21.59
EPAM,BEARISH_TREND,BEARISH_TREND,BEARISH_TREND,SUPPLY_DOMINANCE_WATCH_FOR_TEST,2026-02-01,,,SUPPLY_DOMINANCE_WATCH_FOR_TEST,2026-02-16,,,TEST_OBSERVED,BULLISH,LOW,WAIT_FOR_TEST,Follow-through above 145.00.,125.00,125.57,141.00,0.98,1.98,141.0
EQH,BEARISH_TREND,BEARISH_TREND,BEARISH_TREND,NONE,,,,SUPPLY_DOMINANCE_WATCH_FOR_TEST,2026-02-23,,,NONE,BEARISH,LOW,WAIT_FOR_TEST,None,44.50,39.36,40.22,-0.66,1.97,40.22
ESTC,BEARISH_TREND,BEARISH_TREND,BEARISH_TREND,NONE,,,,SUPPLY_DOMINANCE_WATCH_FOR_TEST,2026-02-23,,,NONE,BEARISH,LOW,WAIT_FOR_TEST,None,60.00,49.90,52.07,-0.64,2.97,52.07
ETHA,BEARISH_TREND,NEUTRAL,BEARISH_TREND,NONE,,,,STOPPING_VOLUME_CONFIRMED_STRONG,2026-02-02,2026-02-09,2026-02-16,TEST_OBSERVED,BULLISH,MEDIUM,ENTER_NOW,Confirmation on a successful test of the 14.00 level on low volume.,13.60,13.62,14.52,-0.15,0.79,14.52
EXPE,BEARISH_TREND,BULLISH_TREND,BEARISH_TREND,SUPPLY_DOMINANCE_WATCH_FOR_TEST,2026-02-01,,,SUPPLY_DOMINANCE_WATCH_FOR_TEST,2026-02-09,,,TEST_OBSERVED,BULLISH,LOW,WAIT_FOR_TEST,Move above 220.00.,185.00,185.34,215.69,0.84,1.96,215.69
FER,BULLISH_TREND,BULLISH_TREND,BULLISH_TREND,SUPPLY_DOMINANCE_WATCH_FOR_TEST,2025-12-01,,,NONE,,,,NONE,BULLISH,LOW,MONITOR,Breakout above 75.00.,71.50,71.67,74.38,0.74,0.84,74.38
FFIN,BULLISH_TREND,BEARISH_TREND,BEARISH_TREND,NONE,,,,SUPPLY_DOMINANCE_WATCH_FOR_TEST,2026-01-26,,,TEST_OBSERVED,BEARISH,LOW,WAIT_FOR_TEST,None,33.60,30.90,30.93,-0.97,1.36,30.93
FFIV,BULLISH_TREND,BULLISH_TREND,BULLISH_TREND,STOPPING_VOLUME_WATCH_FOR_TEST,2025-11-01,,,NONE,,,,NONE,NEUTRAL,LOW,MONITOR,Wait for high volume effort at 266 support.,260.00,266.08,271.36,-0.39,0.97,271.36
FHB,BEARISH_TREND,BULLISH_TREND,BEARISH_TREND,NONE,,,,SUPPLY_DOMINANCE_CONFIRMED_EARLY,2026-01-26,2026-02-16,,TEST_OBSERVED,BEARISH,MEDIUM,ENTER_NOW,None,26.50,24.40,24.76,-0.66,1.3,24.76
FIBK,BULLISH_TREND,BULLISH_TREND,BULLISH_TREND,BUYING_CLIMAX_WATCH_FOR_TEST,2025-12-01,,,NONE,,,,TEST_OBSERVED,BEARISH,LOW,MONITOR,None,37.60,34.21,34.61,-0.76,0.99,34.61
FIGR,BEARISH_TREND,NEUTRAL,BEARISH_TREND,NONE,,,,SUPPLY_DOMINANCE_WATCH_FOR_TEST,2026-02-23,,,NONE,BEARISH,LOW,WAIT_FOR_TEST,None,30.00,25.09,25.28,-0.96,2.77,25.28
FISV,BEARISH_TREND,BEARISH_TREND,BEARISH_TREND,SUPPLY_DOMINANCE_WATCH_FOR_TEST,2025-11-01,,,NONE,,,,TEST_OBSERVED,NEUTRAL,LOW,MONITOR,High volume breakout above 65.00.,57.70,57.79,62.29,0.68,0.95,62.29
FOXA,BEARISH_TREND,BULLISH_TREND,BEARISH_TREND,NONE,,,,SUPPLY_DOMINANCE_WATCH_FOR_TEST,2026-02-09,,,NONE,NEUTRAL,LOW,WAIT_FOR_TEST,Successful low-volume test of the 53.00 level.,53.00,53.03,56.34,0.63,1.43,56.34
FTAI,BULLISH_TREND,BULLISH_TREND,BULLISH_TREND,NONE,,,,BUYING_CLIMAX_WATCH_FOR_TEST,2026-02-23,,,NONE,BEARISH,LOW,WAIT_FOR_TEST,None (Avoid long setup),324.00,281.21,305.80,0.16,3.23,305.8
FTV,BULLISH_TREND,BULLISH_TREND,BULLISH_TREND,NONE,,,,SUPPLY_DOMINANCE_CONFIRMED_EARLY,2026-02-09,2026-02-16,,TEST_OBSERVED,NEUTRAL,HIGH,ENTER_NOW,Clear breakout above 62.50.,56.00,56.49,59.20,0.4,1.25,59.2
GBCI,BULLISH_TREND,BULLISH_TREND,BEARISH_TREND,SUPPLY_DOMINANCE_WATCH_FOR_TEST,2025-10-01,,,NONE,,,,TEST_OBSERVED,BEARISH,LOW,MONITOR,None,51.00,45.18,45.49,-0.89,1.27,45.49
GKOS,BULLISH_TREND,BULLISH_TREND,BULLISH_TREND,BUYING_CLIMAX_WATCH_FOR_TEST,2025-10-01,,,NONE,,,,TEST_OBSERVED,NEUTRAL,LOW,MONITOR,Wait for a deep test and professional re-entry.,103.00,103.55,120.40,-0.06,0.76,120.4
GNTX,BULLISH_TREND,BEARISH_TREND,BEARISH_TREND,SUPPLY_DOMINANCE_WATCH_FOR_TEST,2025-10-01,,,NONE,,,,TEST_OBSERVED,BEARISH,LOW,MONITOR,None,24.00,23.10,23.40,-0.32,0.85,23.4
GPN,BEARISH_TREND,BEARISH_TREND,BEARISH_TREND,NONE,,,,SUPPLY_DOMINANCE_WATCH_FOR_TEST,2026-02-23,,,NONE,BEARISH,LOW,WAIT_FOR_TEST,None,82.00,75.73,76.46,-0.75,1.98,76.46
GWRE,BEARISH_TREND,BEARISH_TREND,BEARISH_TREND,NONE,,,,SUPPLY_DOMINANCE_WATCH_FOR_TEST,2026-02-02,,,NONE,BULLISH,LOW,WAIT_FOR_TEST,Break above 147.00.,120.00,120.37,145.32,0.92,2.22,145.32
HIMS,BEARISH_TREND,BEARISH_TREND,BEARISH_TREND,NONE,,,,SUPPLY_DOMINANCE_WATCH_FOR_TEST,2026-02-23,,,NONE,BEARISH,LOW,WAIT_FOR_TEST,None,16.50,13.74,14.52,-0.43,1.89,14.52
HPE,BEARISH_TREND,BULLISH_TREND,BEARISH_TREND,STOPPING_VOLUME_CONFIRMED_EARLY,2025-10-01,2026-01-01,,NONE,,,,TEST_OBSERVED,BULLISH,MEDIUM,MONITOR,Price clearing 22.00 on rising volume.,19.80,19.84,21.47,0.66,0.85,21.47
HPQ,BEARISH_TREND,BEARISH_TREND,BEARISH_TREND,STOPPING_VOLUME_WATCH_FOR_TEST,2026-02-01,,,BUYING_CLIMAX_WATCH_FOR_TEST,2026-02-02,,,NONE,BULLISH,LOW,WAIT_FOR_TEST,Move above 19.50.,17.50,17.56,18.99,0.74,2.18,18.99
HRMY,BEARISH_TREND,BEARISH_TREND,BEARISH_TREND,NONE,,,,STOPPING_VOLUME_WATCH_FOR_TEST,2026-02-23,,,TEST_OBSERVED,BULLISH,LOW,WAIT_FOR_TEST,A low-volume test of 26-27 level.,25.90,25.90,28.54,0.53,2.67,28.54
HSBC,BULLISH_TREND,BULLISH_TREND,BULLISH_TREND,NONE,,,,SUPPLY_DOMINANCE_WATCH_FOR_TEST,2026-02-09,,,NONE,BULLISH,LOW,WAIT_FOR_TEST,Consolidation above 93.00.,86.00,86.69,93.16,0.6,1.46,93.16
HUM,BEARISH_TREND,BEARISH_TREND,BEARISH_TREND,NONE,,,,STOPPING_VOLUME_CONFIRMED_EARLY,2026-02-09,2026-02-16,,TEST_OBSERVED,BULLISH,MEDIUM,ENTER_NOW,Successful test of 180.00 or break above 195.00.,169.00,169.61,190.54,0.84,1.34,190.54
ICLR,BEARISH_TREND,BEARISH_TREND,BEARISH_TREND,SUPPLY_DOMINANCE_WATCH_FOR_TEST,2026-02-01,,,SUPPLY_DOMINANCE_WATCH_FOR_TEST,2026-02-09,,,TEST_OBSERVED,BULLISH,LOW,WAIT_FOR_TEST,Break above 110.00.,90.00,66.57,108.14,0.87,1.22,108.14
IMAX,BULLISH_TREND,BULLISH_TREND,BULLISH_TREND,STOPPING_VOLUME_WATCH_FOR_TEST,2025-12-01,,,NONE,,,,NONE,BULLISH,LOW,MONITOR,Buy on minor pullbacks towards 40.00.,36.00,36.02,42.83,0.91,1.56,42.83
ING,BULLISH_TREND,BULLISH_TREND,BULLISH_TREND,NONE,,,,SUPPLY_DOMINANCE_WATCH_FOR_TEST,2026-02-09,,,TEST_OBSERVED,BEARISH,LOW,WAIT_FOR_TEST,None,31.20,28.65,28.77,-0.83,1.49,28.77
INVH,BEARISH_TREND,BEARISH_TREND,BEARISH_TREND,STOPPING_VOLUME_WATCH_FOR_TEST,2026-01-01,,,NONE,,,,NONE,NEUTRAL,LOW,MONITOR,Wait for a No Supply signal.,25.20,25.21,26.34,0.71,1.38,26.34
IONQ,BEARISH_TREND,BULLISH_TREND,BEARISH_TREND,BUYING_CLIMAX_WATCH_FOR_TEST,2025-10-01,,,NONE,,,,NONE,NEUTRAL,LOW,MONITOR,Clear close above 42.00 with high volume.,30.00,30.17,38.37,0.4,1.62,38.37
IONX,BEARISH_TREND,NEUTRAL,BEARISH_TREND,NONE,,,,SUPPLY_DOMINANCE_WATCH_FOR_TEST,2026-02-02,,,NONE,BEARISH,LOW,WAIT_FOR_TEST,None,15.50,8.40,12.94,0.29,2.9,12.94
IOT,BULLISH_TREND,BEARISH_TREND,BEARISH_TREND,NONE,,,,STOPPING_VOLUME_WATCH_FOR_TEST,2026-02-02,,,TEST_OBSERVED,BULLISH,LOW,WAIT_FOR_TEST,Breakout above 29.50.,24.10,24.13,28.90,0.91,1.37,28.9
IQV,BEARISH_TREND,BEARISH_TREND,BEARISH_TREND,SUPPLY_DOMINANCE_WATCH_FOR_TEST,2026-02-01,,,SUPPLY_DOMINANCE_WATCH_FOR_TEST,2026-02-09,,,NONE,BULLISH,LOW,WAIT_FOR_TEST,Sustained move above 180.00.,160.00,159.67,178.81,0.96,2.54,178.81
IREN,BULLISH_TREND,BULLISH_TREND,BEARISH_TREND,SUPPLY_DOMINANCE_WATCH_FOR_TEST,2025-11-01,,,NONE,,,,TEST_OBSERVED,BEARISH,LOW,MONITOR,None,47.30,38.94,40.95,-0.52,1.17,40.95
ITT,BULLISH_TREND,BULLISH_TREND,BULLISH_TREND,SUPPLY_DOMINANCE_WATCH_FOR_TEST,2025-12-01,,,NONE,,,,TEST_OBSERVED,BEARISH,LOW,MONITOR,None,210.00,200.12,202.41,-0.52,1.25,202.41
KDP,BULLISH_TREND,BEARISH_TREND,BULLISH_TREND,BUYING_CLIMAX_WATCH_FOR_TEST,2025-10-01,,,NONE,,,,NONE,BEARISH,LOW,MONITOR,None,31.50,29.41,30.28,-0.17,1.3,30.28
KIM,BULLISH_TREND,BULLISH_TREND,BULLISH_TREND,NONE,,,,BUYING_CLIMAX_WATCH_FOR_TEST,2026-02-23,,,TEST_OBSERVED,BEARISH,LOW,WAIT_FOR_TEST,None (Potential Short),24.00,23.04,23.55,0.17,2.1,23.55
KKR,BEARISH_TREND,BEARISH_TREND,BEARISH_TREND,SUPPLY_DOMINANCE_WATCH_FOR_TEST,2026-02-01,,,SUPPLY_DOMINANCE_WATCH_FOR_TEST,2026-02-23,,,NONE,BEARISH,LOW,WAIT_FOR_TEST,None,100.00,86.35,87.68,-0.8,3.09,87.68
KLAR,BEARISH_TREND,NEUTRAL,BEARISH_TREND,NONE,,,,BUYING_CLIMAX_WATCH_FOR_TEST,2026-02-23,,,NONE,BEARISH,LOW,WAIT_FOR_TEST,None,16.40,12.50,13.56,-0.45,3.03,13.56
KVYO,BEARISH_TREND,BEARISH_TREND,BEARISH_TREND,SUPPLY_DOMINANCE_WATCH_FOR_TEST,2026-02-01,,,SUPPLY_DOMINANCE_WATCH_FOR_TEST,2026-02-09,,,TEST_OBSERVED,BEARISH,LOW,WAIT_FOR_TEST,None,18.50,15.53,17.41,0.27,2.04,17.41
KYMR,BULLISH_TREND,BULLISH_TREND,BULLISH_TREND,BUYING_CLIMAX_WATCH_FOR_TEST,2025-12-01,,,NONE,,,,NONE,BULLISH,LOW,MONITOR,Break above 96.00.,83.00,83.74,91.35,0.25,1.41,91.35
LNC,BEARISH_TREND,BEARISH_TREND,BEARISH_TREND,NONE,,,,SUPPLY_DOMINANCE_WATCH_FOR_TEST,2026-02-23,,,NONE,BEARISH,LOW,WAIT_FOR_TEST,None,39.80,33.80,34.30,-0.83,2.98,34.3
LSCC,BULLISH_TREND,BULLISH_TREND,BULLISH_TREND,NONE,,,,BUYING_CLIMAX_WATCH_FOR_TEST,2026-02-09,,,TEST_OBSERVED,BEARISH,LOW,WAIT_FOR_TEST,None,101.50,93.58,95.62,-0.47,1.06,95.62
LTM,BULLISH_TREND,NEUTRAL,BULLISH_TREND,NONE,,,,SUPPLY_DOMINANCE_WATCH_FOR_TEST,2026-02-09,,,NONE,BEARISH,LOW,WAIT_FOR_TEST,Wait for a successful Test on low volume after a reversal bar.,60.81,55.97,63.20,-0.89,1.51,56.16
MAN,BEARISH_TREND,BEARISH_TREND,BEARISH_TREND,SUPPLY_DOMINANCE_WATCH_FOR_TEST,2026-02-01,,,STOPPING_VOLUME_WATCH_FOR_TEST,2026-02-23,,,NONE,BULLISH,LOW,WAIT_FOR_TEST,Break above previous week high (28.44).,25.14,25.14,28.65,0.71,1.99,27.97
MAT,BEARISH_TREND,BEARISH_TREND,BEARISH_TREND,SUPPLY_DOMINANCE_WATCH_FOR_TEST,2026-02-01,,,SUPPLY_DOMINANCE_WATCH_FOR_TEST,2026-02-09,,,TEST_OBSERVED,BEARISH,LOW,WAIT_FOR_TEST,None - Avoid catching a falling knife.,18.23,14.75,16.47,-0.39,1.58,16.95
MCO,BEARISH_TREND,BEARISH_TREND,BEARISH_TREND,STOPPING_VOLUME_WATCH_FOR_TEST,2026-02-01,,,STOPPING_VOLUME_WATCH_FOR_TEST,2026-02-09,,,NONE,BULLISH,LOW,WAIT_FOR_TEST,Clearance of 484 level.,436.29,402.27,436.29,0.73,1.88,477.59
MNDY,BEARISH_TREND,BEARISH_TREND,BEARISH_TREND,SUPPLY_DOMINANCE_WATCH_FOR_TEST,2026-02-01,,,SUPPLY_DOMINANCE_WATCH_FOR_TEST,2026-02-23,,,TEST_OBSERVED,BEARISH,LOW,WAIT_FOR_TEST,Watch for a high-volume reversal or 'Spring' setup.,79.68,68.68,72.63,-0.27,1.85,72.64
MSFU,BEARISH_TREND,BEARISH_TREND,BEARISH_TREND,SUPPLY_DOMINANCE_WATCH_FOR_TEST,2026-02-01,,,STOPPING_VOLUME_WATCH_FOR_TEST,2026-02-23,,,NONE,BEARISH,LOW,WAIT_FOR_TEST,Wait for confirmation of demand (Up-bar with high CLV).,28.41,24.97,27.55,-0.18,2.59,26.38
MTCH,BEARISH_TREND,BEARISH_TREND,BEARISH_TREND,NONE,,,,BUYING_CLIMAX_WATCH_FOR_TEST,2026-02-02,,,TEST_OBSERVED,NEUTRAL,LOW,WAIT_FOR_TEST,Re-test of 29.00 with low volume (Test in a Rising Market).,30.62,28.80,31.60,0.21,1.21,31.6
NET,BEARISH_TREND,BULLISH_TREND,BEARISH_TREND,SUPPLY_DOMINANCE_WATCH_FOR_TEST,2026-02-01,,,STOPPING_VOLUME_WATCH_FOR_TEST,2026-02-02,,,TEST_OBSERVED,NEUTRAL,LOW,WAIT_FOR_TEST,A high-volume 'Shakeout' or 'Spring' below 158.,177.50,158.83,172.19,0.43,1.61,172.19
NICE,BULLISH_TREND,BEARISH_TREND,BULLISH_TREND,SUPPLY_DOMINANCE_WATCH_FOR_TEST,2025-11-01,,,NONE,,,,TEST_OBSERVED,BULLISH,LOW,MONITOR,Break above 120.12.,109.81,94.65,116.25,0.25,1.18,116.25
NTAP,BEARISH_TREND,BEARISH_TREND,BEARISH_TREND,NONE,,,,STOPPING_VOLUME_WATCH_FOR_TEST,2026-02-23,,,NONE,BEARISH,LOW,WAIT_FOR_TEST,None - Price action is weak.,103.24,94.45,99.02,-0.16,2.03,99.03
NXPI,BULLISH_TREND,BULLISH_TREND,BULLISH_TREND,NONE,,,,STOPPING_VOLUME_CONFIRMED_EARLY,2026-02-02,2026-02-16,,TEST_OBSERVED,BULLISH,HIGH,ENTER_NOW,Successful secondary test of 220 level on low volume.,207.00,207.00,227.00,-0.59,0.99,227.01
NYT,BULLISH_TREND,BULLISH_TREND,BULLISH_TREND,NONE,,,,STOPPING_VOLUME_WATCH_FOR_TEST,2026-02-02,,,TEST_OBSERVED,BULLISH,LOW,WAIT_FOR_TEST,Market buy at current levels or breakout above 80.,73.72,58.86,79.79,0.96,1.5,79.79
OC,BULLISH_TREND,BEARISH_TREND,BULLISH_TREND,STOPPING_VOLUME_WATCH_FOR_TEST,2025-11-01,,,NONE,,,,NONE,BEARISH,LOW,MONITOR,Avoid for now; wait for a washout bottom.,133.50,117.87,122.06,-0.46,1.54,122.07
OKE,BULLISH_TREND,BULLISH_TREND,BULLISH_TREND,NONE,,,,SUPPLY_DOMINANCE_WATCH_FOR_TEST,2026-02-23,,,NONE,BEARISH,LOW,WAIT_FOR_TEST,Short entry on break below 79.70.,89.00,75.29,82.76,-0.34,1.85,82.77
OMF,BEARISH_TREND,BULLISH_TREND,BEARISH_TREND,NONE,,,,SUPPLY_DOMINANCE_WATCH_FOR_TEST,2026-02-02,,,TEST_OBSERVED,BEARISH,LOW,WAIT_FOR_TEST,Wait for a 'Selling Climax' or 'Spring'.,58.02,53.59,55.02,-0.35,1.24,55.02
ONB,BULLISH_TREND,BULLISH_TREND,BULLISH_TREND,SUPPLY_DOMINANCE_CONFIRMED_EARLY,2025-10-01,2025-11-01,,NONE,,,,TEST_OBSERVED,BEARISH,MEDIUM,MONITOR,None - Outlook is weak.,25.29,22.89,23.10,-0.83,1.47,23.1
OTIS,BULLISH_TREND,BEARISH_TREND,BULLISH_TREND,NONE,,,,SUPPLY_DOMINANCE_WATCH_FOR_TEST,2026-01-26,,,NONE,BEARISH,LOW,WAIT_FOR_TEST,Wait for a low-volume test of the 88 level.,88.57,85.27,92.55,0.63,1.54,92.56
PAGP,BULLISH_TREND,BULLISH_TREND,BULLISH_TREND,NONE,,,,BUYING_CLIMAX_WATCH_FOR_TEST,2026-02-02,,,NONE,BULLISH,LOW,WAIT_FOR_TEST,Continue to hold/Add on minor pullbacks.,21.79,20.12,22.54,0.97,1.36,22.54
PAYX,BEARISH_TREND,BEARISH_TREND,BEARISH_TREND,STOPPING_VOLUME_WATCH_FOR_TEST,2026-02-01,,,NONE,,,,NONE,NEUTRAL,LOW,MONITOR,A move above 96 on high volume.,86.88,86.88,93.65,0.71,1.82,93.65
PB,BULLISH_TREND,BULLISH_TREND,BULLISH_TREND,NONE,,,,STOPPING_VOLUME_CONFIRMED_EARLY,2026-01-26,2026-02-16,,TEST_OBSERVED,BULLISH,HIGH,ENTER_NOW,Break above 73.85.,69.26,65.12,70.37,-0.52,1.31,70.37
PEGA,BEARISH_TREND,BEARISH_TREND,BEARISH_TREND,NONE,,,,STOPPING_VOLUME_WATCH_FOR_TEST,2026-02-23,,,TEST_OBSERVED,BULLISH,LOW,WAIT_FOR_TEST,Long entry on a breakout of 45.40.,41.40,35.88,43.72,0.16,1.92,43.73
PFG,BULLISH_TREND,BULLISH_TREND,BULLISH_TREND,NONE,,,,STOPPING_VOLUME_WATCH_FOR_TEST,2026-02-23,,,TEST_OBSERVED,BULLISH,LOW,WAIT_FOR_TEST,Break above 97.60.,91.76,89.23,95.41,0.26,2.22,95.42
PGNY,BEARISH_TREND,BEARISH_TREND,BEARISH_TREND,NONE,,,,SUPPLY_DOMINANCE_WATCH_FOR_TEST,2026-02-23,,,TEST_OBSERVED,BEARISH,LOW,WAIT_FOR_TEST,None - Stay away.,21.10,16.75,17.69,-0.66,2.08,17.69
PGY,BEARISH_TREND,BEARISH_TREND,BEARISH_TREND,SUPPLY_DOMINANCE_WATCH_FOR_TEST,2026-02-01,,,SUPPLY_DOMINANCE_WATCH_FOR_TEST,2026-02-09,,,TEST_OBSERVED,BEARISH,LOW,WAIT_FOR_TEST,None.,12.52,10.51,11.18,-0.33,1.27,11.19
PHG,BULLISH_TREND,BULLISH_TREND,BULLISH_TREND,NONE,,,,BUYING_CLIMAX_WATCH_FOR_TEST,2026-02-09,,,NONE,BULLISH,LOW,WAIT_FOR_TEST,Break above 32.16.,31.07,28.48,32.00,0.7,0.94,32.0
PLTR,BEARISH_TREND,BULLISH_TREND,BEARISH_TREND,NONE,,,,SUPPLY_DOMINANCE_WATCH_FOR_TEST,2026-02-02,,,TEST_OBSERVED,BULLISH,LOW,WAIT_FOR_TEST,Long entry at current market price.,126.37,126.23,137.19,0.84,1.31,137.19
PLTU,BEARISH_TREND,NEUTRAL,BEARISH_TREND,NONE,,,,SUPPLY_DOMINANCE_WATCH_FOR_TEST,2026-02-09,,,TEST_OBSERVED,BEARISH,LOW,WAIT_FOR_TEST,None - Trend is down.,43.12,34.65,40.66,0.84,1.23,40.67
PPL,BULLISH_TREND,BULLISH_TREND,BULLISH_TREND,NONE,,,,STOPPING_VOLUME_WATCH_FOR_TEST,2026-02-02,,,TEST_OBSERVED,BULLISH,LOW,WAIT_FOR_TEST,Break above 39.04.,36.45,35.09,38.97,0.95,2.61,38.98
PRU,BEARISH_TREND,BEARISH_TREND,BEARISH_TREND,NONE,,,,SUPPLY_DOMINANCE_WATCH_FOR_TEST,2026-02-02,,,TEST_OBSERVED,BEARISH,LOW,WAIT_FOR_TEST,None.,104.00,97.45,98.37,-0.72,1.65,98.38
PSN,BULLISH_TREND,BEARISH_TREND,BEARISH_TREND,SUPPLY_DOMINANCE_WATCH_FOR_TEST,2025-12-01,,,NONE,,,,TEST_OBSERVED,NEUTRAL,LOW,MONITOR,Wait for a volume-backed breakout.,63.81,59.13,66.00,0.62,1.11,66.0
PTC,BEARISH_TREND,BEARISH_TREND,BEARISH_TREND,NONE,,,,STOPPING_VOLUME_WATCH_FOR_TEST,2026-02-02,,,TEST_OBSERVED,NEUTRAL,LOW,WAIT_FOR_TEST,Successful test of 147 level on low volume.,148.44,146.72,156.58,0.71,1.45,156.59
PTGX,BULLISH_TREND,BULLISH_TREND,BULLISH_TREND,BUYING_CLIMAX_WATCH_FOR_TEST,2025-10-01,,,NONE,,,,NONE,BULLISH,LOW,MONITOR,Market buy on pullbacks.,82.32,77.00,92.08,0.98,0.94,92.08
PYPL,BEARISH_TREND,BEARISH_TREND,BEARISH_TREND,STOPPING_VOLUME_WATCH_FOR_TEST,2026-02-01,,,SUPPLY_DOMINANCE_WATCH_FOR_TEST,2026-02-02,,,TEST_OBSERVED,BULLISH,LOW,WAIT_FOR_TEST,Break above 48.50.,40.52,38.45,46.20,0.43,2.69,46.21
QQQI,BULLISH_TREND,BULLISH_TREND,BULLISH_TREND,SUPPLY_DOMINANCE_WATCH_FOR_TEST,2026-02-01,,,NONE,,,,TEST_OBSERVED,BEARISH,LOW,MONITOR,None.,53.14,51.69,52.43,0.02,1.24,52.43
QTWO,BEARISH_TREND,BEARISH_TREND,BEARISH_TREND,NONE,,,,STOPPING_VOLUME_WATCH_FOR_TEST,2026-02-23,,,NONE,BEARISH,LOW,WAIT_FOR_TEST,None.,50.55,46.15,48.11,-0.11,2.41,48.12
RARE,BULLISH_TREND,BEARISH_TREND,BEARISH_TREND,SUPPLY_DOMINANCE_WATCH_FOR_TEST,2025-12-01,,,NONE,,,,TEST_OBSERVED,NEUTRAL,LOW,MONITOR,Wait for high volume up-bar.,22.38,19.60,23.38,0.43,0.84,23.39
RF,BULLISH_TREND,BULLISH_TREND,BULLISH_TREND,SUPPLY_DOMINANCE_WATCH_FOR_TEST,2025-10-01,,,NONE,,,,NONE,BEARISH,LOW,MONITOR,None.,30.16,27.60,27.82,-0.82,1.1,27.83
RGLD,BULLISH_TREND,BULLISH_TREND,BULLISH_TREND,SUPPLY_DOMINANCE_WATCH_FOR_TEST,2025-10-01,,,NONE,,,,NONE,BULLISH,LOW,MONITOR,Break above 300.50.,281.10,253.19,299.79,0.93,0.96,299.79
RGTI,BEARISH_TREND,BULLISH_TREND,BEARISH_TREND,BUYING_CLIMAX_WATCH_FOR_TEST,2025-10-01,,,NONE,,,,NONE,BEARISH,LOW,MONITOR,Short on break of 15.32.,19.21,14.78,17.42,0.08,0.8,17.42
RKT,BEARISH_TREND,BULLISH_TREND,BEARISH_TREND,BUYING_CLIMAX_WATCH_FOR_TEST,2026-02-01,,,NONE,,,,TEST_OBSERVED,BULLISH,LOW,MONITOR,Break above 18.50.,16.58,16.57,18.19,0.69,1.32,18.19
RLI,BEARISH_TREND,BEARISH_TREND,BULLISH_TREND,SUPPLY_DOMINANCE_WATCH_FOR_TEST,2026-01-01,,,NONE,,,,TEST_OBSERVED,BULLISH,LOW,MONITOR,Break above 62.44.,59.88,58.15,62.31,0.91,0.98,62.32
RTO,BULLISH_TREND,BULLISH_TREND,BULLISH_TREND,STOPPING_VOLUME_WATCH_FOR_TEST,2026-02-01,,,STOPPING_VOLUME_WATCH_FOR_TEST,2026-02-23,,,TEST_OBSERVED,BULLISH,LOW,WAIT_FOR_TEST,Move above 32.00.,30.22,30.04,31.28,0.54,1.84,31.28
RVMD,BULLISH_TREND,BULLISH_TREND,BULLISH_TREND,BUYING_CLIMAX_WATCH_FOR_TEST,2026-01-01,,,NONE,,,,NONE,BULLISH,LOW,MONITOR,Breakout above 107.45.,95.25,93.01,102.01,0.11,1.74,102.02
RYAAY,BEARISH_TREND,BULLISH_TREND,BULLISH_TREND,NONE,,,,STOPPING_VOLUME_WATCH_FOR_TEST,2026-01-26,,,NONE,BEARISH,LOW,WAIT_FOR_TEST,None.,69.78,63.83,67.48,0.2,1.52,67.49
RYN,BULLISH_TREND,BEARISH_TREND,BEARISH_TREND,SUPPLY_DOMINANCE_WATCH_FOR_TEST,2026-02-01,,,STOPPING_VOLUME_WATCH_FOR_TEST,2026-02-23,,,TEST_OBSERVED,BEARISH,LOW,WAIT_FOR_TEST,None.,22.65,20.75,21.48,-0.22,1.91,21.49
SA,BULLISH_TREND,BULLISH_TREND,BULLISH_TREND,SUPPLY_DOMINANCE_WATCH_FOR_TEST,2025-10-01,,,NONE,,,,TEST_OBSERVED,BULLISH,LOW,MONITOR,Buy breakout above 39.40.,35.01,27.40,39.34,0.98,0.89,39.35
SARO,BULLISH_TREND,NEUTRAL,BULLISH_TREND,NONE,,,,SUPPLY_DOMINANCE_WATCH_FOR_TEST,2026-02-23,,,NONE,BEARISH,LOW,WAIT_FOR_TEST,None.,33.25,28.62,30.79,-0.63,2.71,30.8
SATS,BULLISH_TREND,BULLISH_TREND,BULLISH_TREND,BUYING_CLIMAX_WATCH_FOR_TEST,2026-01-01,,,NONE,,,,TEST_OBSERVED,BULLISH,LOW,MONITOR,Break above 119.50.,104.62,104.62,115.52,0.47,1.22,115.53
SONY,BEARISH_TREND,BEARISH_TREND,BEARISH_TREND,NONE,,,,SUPPLY_DOMINANCE_WATCH_FOR_TEST,2026-01-26,,,NONE,BULLISH,LOW,WAIT_FOR_TEST,Break above 23.15.,21.23,21.18,23.05,0.91,1.43,23.06
SPOT,BEARISH_TREND,BEARISH_TREND,BEARISH_TREND,NONE,,,,BUYING_CLIMAX_WATCH_FOR_TEST,2026-02-09,,,NONE,BULLISH,LOW,WAIT_FOR_TEST,Buy breakout of 516.,453.68,405.00,514.94,0.97,1.51,514.94
SSNC,BEARISH_TREND,BEARISH_TREND,BEARISH_TREND,STOPPING_VOLUME_WATCH_FOR_TEST,2026-02-01,,,SUPPLY_DOMINANCE_WATCH_FOR_TEST,2026-02-09,,,TEST_OBSERVED,NEUTRAL,LOW,WAIT_FOR_TEST,Successful test on low volume above 70.00,68.50,69.00,77.39,0.79,1.77,75.29
STM,BULLISH_TREND,BULLISH_TREND,BULLISH_TREND,NONE,,,,BUYING_CLIMAX_CONFIRMED_EARLY,2026-02-09,2026-02-16,,TEST_OBSERVED,BEARISH,HIGH,ENTER_NOW,Break below 33.10,35.10,35.07,33.18,-0.5,0.97,33.61
SUPN,BULLISH_TREND,BULLISH_TREND,BULLISH_TREND,NONE,,,,BUYING_CLIMAX_WATCH_FOR_TEST,2026-02-23,,,NONE,BEARISH,LOW,WAIT_FOR_TEST,Price action failing to reclaim 56.00,59.70,59.68,54.73,0.01,2.19,54.73
SYF,BEARISH_TREND,BULLISH_TREND,BEARISH_TREND,NONE,,,,SUPPLY_DOMINANCE_WATCH_FOR_TEST,2026-01-26,,,TEST_OBSERVED,BEARISH,LOW,WAIT_FOR_TEST,Break of 68.20,72.50,75.43,71.38,-0.72,1.62,69.11
TROW,BEARISH_TREND,BEARISH_TREND,BEARISH_TREND,NONE,,,,SUPPLY_DOMINANCE_CONFIRMED_EARLY,2026-02-02,2026-02-16,,TEST_OBSERVED,BEARISH,MEDIUM,ENTER_NOW,Break below 92.00,96.00,107.21,97.67,0.03,1.49,94.63
TRU,BEARISH_TREND,BEARISH_TREND,BEARISH_TREND,STOPPING_VOLUME_CONFIRMED_EARLY,2025-10-01,2025-11-01,,NONE,,,,TEST_OBSERVED,BULLISH,MEDIUM,MONITOR,Price holding above 78.50 on the daily time frame,70.00,65.13,78.84,0.93,1.16,78.55
TWLO,BEARISH_TREND,BULLISH_TREND,BEARISH_TREND,NONE,,,,STOPPING_VOLUME_WATCH_FOR_TEST,2026-02-09,,,TEST_OBSERVED,BULLISH,LOW,WAIT_FOR_TEST,Break above 122.30,106.00,105.00,122.29,0.84,1.29,120.96
TXT,BULLISH_TREND,BULLISH_TREND,BULLISH_TREND,NONE,,,,SUPPLY_DOMINANCE_WATCH_FOR_TEST,2026-01-26,,,TEST_OBSERVED,NEUTRAL,LOW,WAIT_FOR_TEST,Bullish reversal candle on low volume at 95.00,94.00,86.36,98.65,0.17,0.91,98.65
UBER,BEARISH_TREND,BEARISH_TREND,BEARISH_TREND,NONE,,,,SUPPLY_DOMINANCE_CONFIRMED_EARLY,2026-02-02,2026-02-16,,TEST_OBSERVED,BEARISH,MEDIUM,ENTER_NOW,Failure to hold 75.00,78.00,69.02,75.42,0.78,1.32,75.42
UGI,BULLISH_TREND,BULLISH_TREND,BULLISH_TREND,NONE,,,,BUYING_CLIMAX_WATCH_FOR_TEST,2026-01-26,,,TEST_OBSERVED,BEARISH,LOW,WAIT_FOR_TEST,Break below 36.70,39.00,41.34,38.76,-0.27,0.9,37.41
UNH,BEARISH_TREND,BEARISH_TREND,BEARISH_TREND,NONE,,,,SUPPLY_DOMINANCE_WATCH_FOR_TEST,2026-01-26,,,NONE,BULLISH,LOW,WAIT_FOR_TEST,Break above 295.50,270.00,266.29,295.26,0.83,1.33,293.27
VLTO,BEARISH_TREND,BEARISH_TREND,BEARISH_TREND,NONE,,,,SUPPLY_DOMINANCE_WATCH_FOR_TEST,2026-02-02,,,TEST_OBSERVED,BULLISH,LOW,WAIT_FOR_TEST,Price maintaining 97.00 support,91.00,88.40,97.43,0.81,1.43,97.43
VNO,BEARISH_TREND,BEARISH_TREND,BEARISH_TREND,NONE,,,,SUPPLY_DOMINANCE_WATCH_FOR_TEST,2026-02-09,,,TEST_OBSERVED,BEARISH,LOW,WAIT_FOR_TEST,Short on any low-volume retracement to 29.00,30.50,27.45,30.14,-0.86,1.52,27.58
VNT,BULLISH_TREND,BULLISH_TREND,BULLISH_TREND,NONE,,,,SUPPLY_DOMINANCE_WATCH_FOR_TEST,2026-02-09,,,TEST_OBSERVED,NEUTRAL,LOW,WAIT_FOR_TEST,Clear break of 42.00 on high volume,39.50,37.22,41.80,0.35,1.13,40.92
VONG,BEARISH_TREND,BULLISH_TREND,BEARISH_TREND,SUPPLY_DOMINANCE_WATCH_FOR_TEST,2026-02-01,,,SUPPLY_DOMINANCE_WATCH_FOR_TEST,2026-02-23,,,TEST_OBSERVED,BEARISH,LOW,WAIT_FOR_TEST,Break of 113.90,118.50,113.96,115.87,-0.29,2.14,115.87
WAL,BEARISH_TREND,BEARISH_TREND,BEARISH_TREND,NONE,,,,SUPPLY_DOMINANCE_WATCH_FOR_TEST,2026-02-23,,,TEST_OBSERVED,BEARISH,LOW,WAIT_FOR_TEST,Short below 79.50,87.00,79.79,80.32,-0.92,2.08,80.32
WAY,BEARISH_TREND,BEARISH_TREND,BEARISH_TREND,STOPPING_VOLUME_WATCH_FOR_TEST,2026-02-01,,,NONE,,,,NONE,BULLISH,LOW,MONITOR,Holding above 25.00,23.50,21.13,25.65,0.53,1.52,25.65
WGMI,BULLISH_TREND,BULLISH_TREND,BEARISH_TREND,BUYING_CLIMAX_WATCH_FOR_TEST,2025-10-01,,,NONE,,,,NONE,BEARISH,LOW,MONITOR,Break below 38.00,42.00,34.99,39.88,-0.31,0.69,39.88
WHR,BEARISH_TREND,BEARISH_TREND,BEARISH_TREND,SUPPLY_DOMINANCE_WATCH_FOR_TEST,2026-02-01,,,SUPPLY_DOMINANCE_WATCH_FOR_TEST,2026-02-23,,,NONE,BEARISH,LOW,WAIT_FOR_TEST,Break of 66.80,75.00,66.85,68.43,-0.82,4.14,68.43
WMG,BEARISH_TREND,BEARISH_TREND,BEARISH_TREND,NONE,,,,STOPPING_VOLUME_WATCH_FOR_TEST,2026-02-02,,,TEST_OBSERVED,BULLISH,LOW,WAIT_FOR_TEST,Price holding 28.00 with low volume 'Test',26.00,26.25,28.60,0.09,1.56,28.6
WPM,BULLISH_TREND,BULLISH_TREND,BULLISH_TREND,NONE,,,,SUPPLY_DOMINANCE_WATCH_FOR_TEST,2026-01-26,,,TEST_OBSERVED,BULLISH,LOW,WAIT_FOR_TEST,Break above 164.40,151.00,129.12,163.65,0.88,0.97,163.65
WRB,BULLISH_TREND,BULLISH_TREND,BULLISH_TREND,SUPPLY_DOMINANCE_WATCH_FOR_TEST,2025-12-01,,,NONE,,,,NONE,NEUTRAL,LOW,MONITOR,High volume breakout above 73.10,69.00,67.25,71.70,0.45,0.94,71.7
WTRG,BULLISH_TREND,BULLISH_TREND,BULLISH_TREND,NONE,,,,BUYING_CLIMAX_WATCH_FOR_TEST,2026-02-23,,,NONE,BEARISH,LOW,WAIT_FOR_TEST,Break below 38.60,40.90,36.37,39.97,0.18,5.45,39.97
XYL,BEARISH_TREND,BEARISH_TREND,BEARISH_TREND,NONE,,,,SUPPLY_DOMINANCE_WATCH_FOR_TEST,2026-02-09,,,TEST_OBSERVED,BEARISH,LOW,WAIT_FOR_TEST,Break below 126.00,132.00,123.98,129.56,0.14,1.64,129.56
Z,BEARISH_TREND,BEARISH_TREND,BEARISH_TREND,SUPPLY_DOMINANCE_WATCH_FOR_TEST,2026-02-01,,,STOPPING_VOLUME_WATCH_FOR_TEST,2026-02-23,,,TEST_OBSERVED,NEUTRAL,LOW,WAIT_FOR_TEST,Low volume pullback that holds 42.00,41.50,41.91,44.62,0.0,1.98,44.62
ZETA,BEARISH_TREND,BEARISH_TREND,BEARISH_TREND,NONE,,,,BUYING_CLIMAX_WATCH_FOR_TEST,2026-02-23,,,NONE,BEARISH,LOW,WAIT_FOR_TEST,Break below 14.50,18.60,14.53,16.95,0.14,2.04,16.95
ZM,BEARISH_TREND,BEARISH_TREND,BEARISH_TREND,NONE,,,,SUPPLY_DOMINANCE_WATCH_FOR_TEST,2026-02-23,,,NONE,BEARISH,LOW,WAIT_FOR_TEST,Break of 72.50,89.00,72.69,73.94,-0.86,3.0,73.94
